output,id
AOZM,NaN
APIG,"52660086605751696, 52660537309934080, 52660678210309144, 52662881736271752, 52665300848148968, 52667124972950248, 52670766117848256, 52672646466465256, 52672834213733096, 55979926073638192, 55980125092062208, 55984550226929320, 55994126851657744"
ASTV,NaN
AWDS,NaN
B2W,52672136730412232
BCENG,"52659160321726216, 52660332871867704, 52664790807337752, 52669160175274056, 52669312658858264, 52669986594512096, 52669987993795608, 52670784226517208, 52674674075036736, 52675001683826248, 55983692626531568"
BCVA,NaN
CBC,NaN
CLBS,"52669769275960016, 52671733477137736, 52675137252392712, 52675519085635032"
CLT,"52660587463929032, 52660763500079848, 52666408018391456, 52671852343962680, 52672180906181304, 52672708025888040"
CNDG,NaN
CRBT_CNT,"49341356659742048, 52657691632255112, 52658360905229056, 52658885663504560, 52661104605838144, 52661277925434376, 52661924704651464, 52662442465948016, 52668154064446488, 52668203594856408, 52669060929058992, 52669082802949072, 52669148428863448, 52669554600455272, 52669576280968560, 52670467778430456, 52670729521588472, 52670884470382112, 52671586517193912, 52671598264192296, 52671639335234416, 52672390741668952, 52672611517632504, 52674545545794360, 52676697736336184, 55983589638384448, 55985370269400472, 55988449907005208, 55989031106116688, 55991463370912904, 55993655447715752, 55993939923044320, 55994190086559712, 55994238343109312, 55994246964631120, 55994248027988344, 55994623071356320, 55994717530340616, 55996697506089472, 55997370715227128, 55997748182319432"
CRBT_SRV,"52659324690622928, 52661342926958704, 52662699868985800, 52669606478073912, 52669742588774064, 52669788378351896, 52670773603612544, 55989861562772480, 55997933653775752"
DAST,NaN
DUPAK,NaN
EVVI,"52658794926235360, 52659792957682736, 52659808193517808, 52660641847653016, 52661693128436552, 52669539261766544, 52669658384020824, 52669883825213848, 52671647301129736, 52671666476606800, 52671798206585608, 52672334973962024, 52675508968871560, 52675660942886040, 52676247432791296, 55986669470430096, 55991851026394104, 55994063626061368, 55996357975506752, 55997505692758384"
FLS,NaN
FUCF,NaN
GAML,NaN
GFCS,NaN
GTNB,NaN
HOCO,"52658190273856336, 52661722636464832, 52664131359794248, 52669230479721720, 52669756374723144, 52669814388699144, 52671702443704856, 52676017772953088, 55991301877406600"
HSUB,"49341445090547968, 52658820476073360, 52659837156165288, 52661596777695896, 52661938036569240, 52661960958035232, 52663127176095056, 52666848540369888, 52667628584541464, 52668550437205112, 52668639359855888, 52669553456499744, 52669666268218832, 52669840853654808, 52671267396669168, 52671777377894968, 52671852866777392, 52672016874067592, 52672396884341184, 52675315471833104, 55979838037666704, 55980649916207144, 55983603902761888, 55990493655207544, 55996900524674576"
HWPFS,"49341397650708064, 52659425957734632, 52659646603125960, 52659878607991184, 52660561868329688, 52661816059202488, 52662207368912952, 52662263440490104, 52662264331153848, 52662435681471480, 52662467754799248, 52662607829197280, 52662639285515576, 52662826769362944, 52663028010526072, 52663678241204416, 52663696315680448, 52663976101218488, 52664026975459632, 52664702469593904, 52665126781099352, 52665329147297840, 52666287283106544, 52666390016243120, 52667772531277624, 52668138602027528, 52668568402304408, 52668574621725160, 52668593124686520, 52668603751515984, 52668671769148000, 52668885372742520, 52669030966942464, 52669167796751216, 52669295681945536, 52669906352508992, 52669919385832920, 52670008616821352, 52670735971181400, 52670962813212336, 52671521003947712, 52671565671173152, 52671585426994008, 52671918396960904, 52672154735431472, 52672268361093512, 52672270889924568, 52672315254592520, 52674444628221352, 52674535887899120, 52674901520937496, 52675038561155976, 52675155054070216, 52675293484221040, 52675341320545728, 52675347791674152, 52675401060070696, 52675446802858200, 55979841542073736, 55981313277934488, 55984014088350480, 55985009059866160, 55986059922698928, 55986852496230096, 55989462318072192, 55989496563256144, 55989660414661712, 55989698500591360, 55990045460247472, 55991309700735208, 55992181880127352, 55992749947464152, 55993062658104768, 55993613351540072, 55993650225226304, 55993815284479784, 55996420482492656, 55996594051403936, 55996602795328432"
IMSTK,52670879261957160
INDA,52664217114852720
JSCC,NaN
KITM,"52658920960657496, 52659920853436152, 52661368820460648, 52676341326187296"
KSPA,NaN
LEARN,"52660163136700616, 52661560343001144, 52664037666298384, 52664314372199488, 52667180657934440, 52667240340971840, 52674673884348024, 52675040533371024, 52675560340146600, 52675878987461064, 52676117564062104, 52676365262252704, 55990013842967912, 55990590005160760"
LGZM,"52659484246638424, 52662425842983136, 52663820497157832, 52664866377634864, 52666250637644888, 52666350141791224, 52666551048847600, 52667419869291128, 52669143219191480, 52669149610833192, 52669181531798976, 52669272240666880, 52669413901806504, 52669442178792936, 52669467748247872, 52669661553818000, 52669664540354880, 52669701111282200, 52669800905336224, 52670047323216072, 52671665282048288, 52672126161770600, 52676055341821096, 52676321424911152, 52676544494575048, 55979867012047760, 55985515448589016, 55991912772545264, 55994088275331936"
LOT,NaN
MHUNG,"49341159529180296, 52661310806358136, 52662257687706936, 52662651316229984, 52669142032608288, 52669266946836272, 52672263781896688, 52673198892876888"
MIS,"52666377830959184, 52668309028542880, 52671224937044688, 55981624948718320, 55985015750028128, 55990434966188968"
MNS,"49341300961618776, 52659700253660264, 52659964717490632, 52660362865787608, 52660829154069376, 52660975564947944, 52661000415808504, 52661855925539520, 52662592548023744, 52662624326441880, 52662770670647128, 52663557275210360, 52663646556836336, 52663894672976040, 52664415172627040, 52664681228912496, 52664816653371128, 52664963673325072, 52665055746846048, 52666079102267616, 52667151172576832, 52667165523959912, 52668452175023648, 52669025051687152, 52669044892677224, 52669253000560488, 52669528466591464, 52669539485322720, 52669768013954472, 52669853643972608, 52670761584126688, 52670884889873864, 52671558452986680, 52671859102244744, 52672083397577400, 52672175170680968, 52672192264532952, 52672340915873192, 52672387750724776, 52672444571558128, 52672615567227064, 52672655767299304, 52672756810066392, 52672898795144608, 52674443391788576, 52674453008200560, 52674554607557232, 52675192958002720, 52675342465930000, 52675438644515472, 52676109151701944, 52676304053737880, 52676373743307472, 52676380279995920, 52676882867082784, 55979769922933448, 55979975353735336, 55983592785326264, 55983600565515968, 55983722410471160, 55986240816571800, 55988248680983216, 55988491068308680, 55992038205687328, 55993092396109712, 55993146102824216, 55993761669033264, 55994882119989296, 55996888186983480, 55997240914417280, 55997812489872680, 55998589686639568"
MPLEXTV,"52671260533069616, 52676136596044448"
MQSM,NaN
MSC,NaN
MSZZ,NaN
MZIP,"52672809243753296, 52676377329349096"
OTC,NaN
OYIM,"52675950913764152, 52676807588630584"
PASA,NaN
PLPL,NaN
PLZQ,"52664146431342024, 52669741249636448"
PLZS,"52659652798295000, 52660795243930800, 52661031536417024, 52661708459643792, 52662448292729120, 52663277980048648, 52667982958449944, 52671836078682160, 52671893381612680, 52671936414734632, 52675525429543088, 55986125760035680"
PREDG,NaN
SIQU,NaN
SRTU,NaN
STAR,"49341472432436776, 52658838814413456, 52661951619880944, 52662697236986880, 52664580578898344, 52666027155653592, 52666152208637280, 52669329074963656, 52669418171890336, 52672635479485536, 52673344507083192, 52674624097392744, 52675738864229304, 52675821884627032, 52676412906692448, 55980602087798944"
STFR,"49341276561807768, 52657687376065936, 52659362335892848, 52659699395899168, 52661317776213760, 52661415515240792, 52667317925560288, 52667952172911104, 52670831854953984, 52671709401753016, 52676271366420264, 55982988477646840, 55991949848818272"
STKD,NaN
STKG,NaN
STTK,NaN
STYO,NaN
SUWS,NaN
SWAP,"52662101266450920, 52666512868148672, 52669619578582712, 55991587761654472"
VAST,"49340941168998376, 52665231544238888, 52668989555626792"
VWL,"49340959128277656, 52663990559213512, 52676378520032944"
WAKEUP,"49341093070528608, 49341114576350432, 49341314188955320, 49341442088967000, 52656993291516848, 52657001655619400, 52657117963938720, 52657638595401968, 52657712143442664, 52658228744452424, 52658514548176112, 52658766034146512, 52658807473872392, 52658814366567680, 52658816693904136, 52658857450686216, 52659263961165232, 52659299565475760, 52659480796841320, 52659505930987784, 52659676246354472, 52659704100428776, 52659768384142200, 52659929601972232, 52660033445997280, 52660233519369672, 52660377639561768, 52660923213949528, 52661113811159200, 52661306217779224, 52661324424000536, 52661442982125752, 52661488894652472, 52661551416143528, 52661592778050792, 52661670353148368, 52661763914697008, 52661769215864616, 52661976096718984, 52662018166320096, 52662098636698736, 52662103523666216, 52662140090402648, 52662259412373352, 52662468758690336, 52662611605436992, 52662953059280248, 52663026213420640, 52663522008403776, 52663648841913864, 52663705433703680, 52663712011830176, 52663888971152432, 52664037261956328, 52664044821380336, 52664059363461632, 52664179688972944, 52664435095334848, 52664668764514248, 52664694438922296, 52664821941330336, 52664980401001520, 52665188654081360, 52665406694794136, 52665485533912000, 52665826664477864, 52666143299861808, 52666485693961272, 52666516876395328, 52667323742911304, 52667433280132448, 52667662285788472, 52667699330981304, 52667964865054464, 52668014684899920, 52668081732267912, 52668132459299512, 52668196995529104, 52668391979785472, 52668555592514640, 52668684372331136, 52668913690906296, 52668975431908312, 52668981292356256, 52669067605714336, 52669097985316400, 52669111606193416, 52669112373761680, 52669156339428048, 52669427523761808, 52669448295765000, 52669467117829760, 52669503186234872, 52669556537931088, 52669572764573320, 52669575247795272, 52669578617165568, 52669593419736072, 52669595620958448, 52669624222640280, 52669632268146144, 52669662478172024, 52669715360217544, 52669715681000816, 52669729571943480, 52669791600219304, 52669814016177984, 52669816748685808, 52669957846960984, 52670094697626952, 52670154074972480, 52670265003901920, 52670841342487064, 52670995242776296, 52671035789826456, 52671124116914848, 52671129339522464, 52671150600027840, 52671284014496368, 52671476737499400, 52671609922779544, 52671721266541456, 52671780506634880, 52671806814907720, 52671810237341360, 52671816836962000, 52672005554134840, 52672021405436424, 52672063600433952, 52672083413667248, 52672182337529600, 52672221251341352, 52672239361527800, 52672337892651488, 52672676458735856, 52672677013359160, 52672713576364048, 52672723073661648, 52672762294068280, 52672828297996368, 52673395283766568, 52674451149568264, 52674473011507008, 52674524375391016, 52674538946671960, 52674560783172392, 52674644210584480, 52674659725883064, 52674675849104640, 52674695068639448, 52674714251848488, 52674875102481888, 52674875248965544, 52674963027870216, 52675128206331240, 52675132214773808, 52675166177763600, 52675207935763712, 52675214240980072, 52675243172861176, 52675277287699952, 52675300637643832, 52675430632028904, 52675451933586752, 52675494098490112, 52675518148909136, 52675552919113400, 52675651274564592, 52675864171081912, 52675888451929736, 52675909101057672, 52676006512388096, 52676227450070768, 52676302530256280, 52676328697503864, 52676361245213728, 52676464742715296, 52676511956975184, 52676551148683728, 52676668042018752, 55979967996553656, 55980104242650416, 55980152558563064, 55980372334742176, 55981618845015136, 55982484990682232, 55982912986966256, 55983588141901288, 55983628210966960, 55983847932144120, 55984004231207688, 55984033196942016, 55984383134712936, 55984636344842240, 55984991177955976, 55985024562366224, 55985597007407912, 55985870928889000, 55988001518753560, 55988079460858640, 55988356800839016, 55989025683307672, 55989128788408504, 55990609818881664, 55991269328789520, 55991683219077416, 55991697133728520, 55992755559559112, 55993228363942688, 55994179953001872, 55996567624659024, 55996971061629736, 55997383445885088, 55997933118408208"

AOZM,NaN 
APIG,55986337711861488
ASTV,NaN
AWDS,NaN
B2W,"52668365853052488, 55964417789890360, 55970321545777824, 55979585815994640, 55979921095755384, 55980587885093520, 55982028299967072, 55983539896378800, 55986061192595040, 55986712970237960, 55986714071600960, 55987553290387568, 55988017031877048, 55988688200541224, 55991573185622112, 55991919592264040, 55992941301976200, 55993550274681368, 55993891907906976, 55993987335519320, 55996251028107808, 55996281007572232, 55996699641208488, 55997622845569080, 55997976209605680"
BCENG,NaN
BCVA,NaN
CBC,55991337317761480
CLBS,"55981966668504248, 55987297691011552"
CLT,"55962377553099336, 55984994657884208, 55992624053221536, 55996735894541752"
CNDG,NaN
CRBT_CNT,"52662864507470016, 55960389398022696, 55960967020270080, 55961122010673200, 55961974820184408, 55962928375407720, 55963306126103744, 55963428298642720, 55964113822114672, 55965654693485312, 55965971956468720, 55967506958669248, 55968203792006264, 55968236836533176, 55968258834416824, 55969009819343096, 55969760571018784, 55978921061790528, 55979921556915672, 55980536824138152, 55980949412323440, 55981842587058576, 55982971646875352, 55983359018199824, 55984275469664608, 55984897654330832, 55985207061014472, 55985738759018128, 55988250051617936, 55988662998935656, 55989312753308704, 55989393801209008, 55990152494354936, 55992080650117792, 55992258183975656, 55992276857648296, 55992494688037960, 55992662090961960, 55993416696286200, 55993836025398136, 55994795950477688, 55996391033882128, 55996426636548560, 55996897439126328, 55997206963164584"
CRBT_SRV,"55961842634048808, 55963133211368232, 55965399659240152, 55985040837653096, 55989344309430496, 55989438189145968, 55993822569483344, 55994649988122600, 55994800497919584, 55996307951345376, 55996358603991512, 55996424631482584, 55996654206260520, 55997158956414416, 55998217704151976, 55998257892146736"
DAST,NaN
DUPAK,"55989741616613760, 55993687301109888, 55996364031542176"
EVVI,"52669120544411360, 55960482637284776, 55960491722178552, 55960511854847280, 55960516357134040, 55960581897307488, 55960594232496224, 55960630173954536, 55960644714441960, 55960998634658736, 55961035045301408, 55961635657495616, 55961732644454368, 55961737887132168, 55962260431804488, 55962360136368104, 55962368673083896, 55962787491946272, 55962987996726880, 55962997903954960, 55963148324051520, 55963377985821784, 55963509097268320, 55963592527795440, 55963799607721352, 55963923786940672, 55964035547635192, 55964040445037040, 55964346111157600, 55964480356301688, 55964668602753728, 55964731964498400, 55964763063564032, 55965138119082592, 55965269228356872, 55965346523705000, 55965719582319184, 55966012029969872, 55966444969079728, 55967128368711896, 55967216366544656, 55967496302150440, 55967820248331368, 55967845933478056, 55968227835068384, 55968232687841224, 55968751607063608, 55968891962707456, 55968907931866880, 55969022414127312, 55969545793528432, 55969608362590504, 55969625505918736, 55969640718600664, 55969736332794032, 55969962039278296, 55970116928895336, 55970146322081504, 55970329491885136, 55970377040843144, 55978986108462008, 55978999762484680, 55979014555755864, 55979350772551920, 55979418391574696, 55979532304670976, 55979566258210128, 55979656461283656, 55979707969820744, 55979949185481704, 55979971612721504, 55980312017099160, 55980403377121048, 55980442757034792, 55980524556505144, 55980583982966856, 55980602619546760, 55980975671922792, 55981048487108584, 55981100777678552, 55981132049314168, 55981132645466920, 55981148563361320, 55981307372121832, 55981390584734800, 55981556932921328, 55981597335854200, 55981685055832944, 55981699923103320, 55981891359729248, 55981906682905576, 55982525654048904, 55982546243510416, 55982694620935856, 55982767776695416, 55982926612035448, 55983413469289176, 55983500758762112, 55983565558655152, 55983630521650472, 55983741683131472, 55983894515415456, 55983907116670728, 55984381513913760, 55984416964641184, 55984617448705880, 55984697779626960, 55984723145676936, 55984726814361592, 55984819191874504, 55985136802226712, 55985284727483008, 55985423928682440, 55985425350757944, 55985493364844832, 55985574910855648, 55985758425114088, 55985940505428392, 55986062280328040, 55986180838726040, 55986397790765000, 55986451179095992, 55986459621135640, 55986517116005552, 55986842840630544, 55986894590587600, 55987199167686136, 55987441030670968, 55987677834921776, 55987932837900024, 55988079648980848, 55988165150747112, 55988269300293528, 55988378813235240, 55988442558659888, 55988662228226240, 55989211416083672, 55989389271354752, 55989461499622992, 55989549508852784, 55989640493543944, 55989751884323360, 55990368251148616, 55990391905497072, 55990458551022728, 55990463041606512, 55990809932461648, 55990873792404768, 55990956859928720, 55991289685362072, 55991418151373680, 55991520284175312, 55991534343807960, 55991577746849728, 55991982767009184, 55992012001605728, 55992042186327520, 55992247718810448, 55992368990610408, 55992425358772936, 55992770186496296, 55992993921851904, 55993201845370688, 55993405227757632, 55993418112342656, 55993577923172368, 55993670835801080, 55993779686325776, 55994000172827544, 55994085332413352, 55994089795267008, 55994115972137320, 55994199890806536, 55994383626118424, 55994412625222440, 55994655978909992, 55994679213198696, 55994724067292768, 55994757219180096, 55994793804653720, 55994817844636568, 55994822904376976, 55995863597468560, 55995865886683192, 55995871837961008, 55995923124323536, 55996004885811832, 55996205558872008, 55996239871184952, 55996248139735656, 55996425600627576, 55996475735571848, 55996551047913008, 55996633219228960, 55996651689814536, 55996808811365856, 55996849650771712, 55996891146651376, 55997023262161000, 55997088266256784, 55997133757661640, 55997143882442608, 55997192750581680, 55997193987958824, 55997210842601712, 55997270069017224, 55997273681981144, 55997294186378896, 55997309288763680, 55997310696835592, 55997498847924720, 55997583634933936, 55997620617624616, 55997722793556024, 55997726429279696, 55997753754924488, 55997954600157760, 55997971171281504, 55998124255664424, 55998157688489960, 55998171408736064, 55998249272538096, 55998363299965216, 55998734213460920"
FLS,"55964153130311744, 55967023855429336, 55979569401998016, 55979594267568088, 55985263363896272, 55986157650813912, 55989337574945240, 55992099944154408, 55996197422826056, 55997198616023576"
FUCF,NaN
GAML,"55965289349938440, 55980474477257952, 55981617369154856, 55983856549251616, 55984099886034416, 55990139352750264, 55990905940619360, 55993689660308792, 55994206546229776, 55994225719586712, 55996946351414464"
GFCS,55989630583576408
GTNB,NaN
HOCO,"55981570803456920, 55997200128659888"
HSUB,"55979586837335592, 55998190982081216, 55998270738997072"
HWPFS,"55963941956786128, 55964145244539192, 55964709377185368, 55989917051514472, 55990186779385128, 55996806567917432"
IMSTK,"55965264357401024, 55989853770049728, 55998043466135056"
INDA,55979336598104792
JSCC,NaN
KITM,"55980544551591696, 55994219819602072"
KSPA,"55962447032456368, 55963058393487416, 55963138167266608, 55963344577218280, 55963358605729976, 55963452671958056, 55963736679096744, 55969578259224800, 55978898078370512, 55980766770056296, 55981409190766736, 55982581654388808, 55982663922488488, 55984383620505440, 55985886462591560, 55988093588164712, 55988265406456088, 55988453415013128, 55990544445939696, 55993175362432016, 55993636615084512, 55993889448986520, 55994317862895200, 55994610077329352, 55996139025838416, 55996639175394448, 55997299973272408, 55998005786609600, 55998011047319752, 55998206043150680, 55998328747425432"
LEARN,NaN
LGZM,NaN
LOT,NaN
MHUNG,"52663797155975624, 52668855147459344, 55962377639375552, 55962541071580072, 55962638548340432, 55962825512958912, 55963285087837560, 55963645758831352, 55964644549511912, 55965745975304144, 55968832234764296, 55969634997456304, 55969668771890824, 55969844783571952, 55970079849427496, 55970194972505808, 55978907890891576, 55979398508592272, 55979737180514480, 55981313227618016, 55982248488017856, 55983771433639016, 55984048977392128, 55984096098699512, 55984683900402872, 55985330716030168, 55986973091389448, 55989356667384824, 55989365493776024, 55989412715827424, 55990680142187592, 55991208911102144, 55992504197364992, 55993015183350936, 55993680636988856, 55994096339158368, 55994708638430832, 55995893149260280, 55995918142617472, 55996966541451744, 55996992014002072, 55997057833840432, 55997209111455080, 55997469711894488, 55997683888081856, 55997860583472736"
MIS,"55960276134365344, 55960382353905048, 55960399695584400, 55960737941282760, 55960756278560144, 55961024098161912, 55961135468382720, 55961249884185848, 55961305850626528, 55961693531355240, 55961759053044128, 55961826428071736, 55962276918559112, 55962816001183992, 55962835737801912, 55962935135949728, 55962988537266280, 55963220500118272, 55963360628569848, 55963744826021664, 55964450516982128, 55964479338490616, 55964498822367936, 55964846423580304, 55965108457629592, 55965136400383680, 55965500162485040, 55965633775385112, 55965733786515152, 55965976480540832, 55966070179239384, 55966331144724560, 55966430228717736, 55966578557879600, 55966914247776336, 55966924343257464, 55967290370694112, 55968137367055504, 55969123485558416, 55969582626953640, 55969670513949272, 55970177885211208, 55970246337733064, 55970384320522896, 55970411480586208, 55979364583450064, 55979442601787616, 55979596760992136, 55979643579014856, 55980193157864160, 55980485003920240, 55980658674185408, 55980907903365096, 55981059556925256, 55981794212267008, 55982007451713368, 55982778712048200, 55982847724276664, 55983217644515768, 55983673886252008, 55984231516503488, 55984250312217728, 55984341696506952, 55984353955675960, 55984734145274392, 55984788815728544, 55985083352598864, 55985126319589048, 55985254197043544, 55985474560568296, 55985781831687712, 55986018085445424, 55986538163801352, 55986574374078064, 55986729513173208, 55986820897914368, 55987280946680240, 55987539686702808, 55987562448592384, 55987941826267592, 55988355184247040, 55988372848793864, 55988457320247696, 55988598310375080, 55988763068916536, 55988769681384672, 55989033129818888, 55989061395739752, 55989116709217656, 55989352199914952, 55989395233590032, 55989663790793152, 55989803801837992, 55990378369193592, 55990440942318184, 55990754921717552, 55990791940743184, 55990841794353800, 55990884986572304, 55991119677445056, 55991142404810400, 55992074793780640, 55992098319279840, 55992183126373640, 55992261825338024, 55992663789582288, 55992723375942584, 55992751344069136, 55992813979230912, 55993098691291776, 55993877898124672, 55993890768053936, 55993987084303608, 55994017426407904, 55994059710025768, 55994163784783656, 55994185931666368, 55994259075925304, 55994264645915864, 55994365134434824, 55994592430842888, 55994654650392208, 55994674364081744, 55994707211822824, 55994719051785112, 55994719574079648, 55994793025189712, 55995858300717184, 55995903433651008, 55996303557413224, 55996394135154184, 55996412902000520, 55996413463663320, 55996426080507336, 55996428525246760, 55996457487500904, 55996470565536640, 55996703227316096, 55996715624953160, 55996829540902768, 55997154874122680, 55997341518860216, 55997355603633528, 55997469858654456, 55997572048819168, 55997685035460496, 55997806173535592, 55998157297776304, 55998199926786096, 55998271970049200, 55998431197796344, 55998448613228648, 55998567573546496"
MNS,NaN
MPLEXTV,"55961318412080568, 55961844601462488, 55964176354327792, 55964306286814408, 55964498955756520, 55965385956147000, 55965652200190536, 55965788058160800, 55965794911962544, 55966016580625432, 55968380029579648, 55969946592738328, 55978915929969880, 55979381166318216, 55979448407750392, 55979641546814744, 55980542932432536, 55980715589313272, 55981340352938200, 55982419603472616, 55982567710121336, 55983083059614056, 55983201745571648, 55985035683203440, 55985816932579536, 55986336996518264, 55986630805706072, 55986842737587272, 55986919136178688, 55986953132668784, 55987119713309848, 55987157650090056, 55987966909460824, 55988057149826072, 55988283243940840, 55988413049680840, 55988616640010600, 55989183673827152, 55989699726715792, 55990152215998768, 55990250838529152, 55990349492292224, 55990772173767776, 55991634690029968, 55992197668463448, 55992591146109176, 55992881396479744, 55993773854684280, 55993977910522544, 55994283384053328, 55994829645518464, 55995903305093184, 55995936664668352, 55996454458898488, 55996607942915832, 55996611704111424, 55996767862647608, 55997062748894832, 55997079888017224, 55997472104707816, 55998588472263792, 55998631872679968"
MQSM,55992911963254224
MSC,NaN
MSZZ,NaN
MZIP,"55994372068404000, 55996870022700168"
OTC,NaN
OYIM,"55960432892596360, 55982713179860056, 55984342099389088, 55984370615100160, 55990204145690416, 55992465764797512"
PASA,NaN
PLPL,NaN
PLZQ,"55962535613869720, 55962980634562208, 55966303428135848, 55969093599136712, 55979411406909376, 55980301032450648, 55981613361832944, 55982699945979808, 55983732893644176, 55986860798374056, 55986971422702856, 55986987201190912, 55987126312887376, 55988150749478872, 55988605135379480, 55989190691813056, 55990082161348808, 55991823270385264, 55992589867853128, 55992811822381872, 55992844881265664, 55993627684052496, 55993826301401712, 55993830501850024, 55993962668586920, 55994067506369968, 55994068965753208, 55994098556376800, 55994113654033656, 55994140403082992, 55994180927964368, 55994307834449000, 55994308150123120, 55994308355148864, 55994369939955576, 55994566905478840, 55994626895732904, 55994657196506248, 55994704727992280, 55995853943510976, 55996271944451184, 55996706257632936, 55997857258839840, 55998345907569208"
PLZS,"55962881829195720, 55962916197721248, 55965419662174200, 55966755928310704, 55980461696025400, 55981399218217120, 55982303550497992, 55985148785404592, 55985157973457112, 55985767259524208, 55986102931673416, 55987328313652328, 55989461917149480, 55992114770972104, 55992575895765504, 55993818021309944, 55994015534834968, 55994694863313544, 55995884017722088, 55996131764664280, 55996402535118744, 55996969214138120, 55998467032858944"
PREDG,NaN
SIQU,55982883490331624
SRTU,NaN
STAR,"55982185116592792, 55984645309602744, 55989451001970168, 55995942119840096, 55996497116226352, 55996529438911456"
STFR,"55968354626069752, 55970314345615832, 55986965024296392, 55989046699104496, 55991710738248256, 55994559001426360, 55996357411549696, 55996479398260928, 55996697423937032, 55997408927109400, 55997505253822968, 55997848043625440"
STKD,NaN
STKG,55963380300520896
STTK,55989411610458552
STYO,NaN
SUWS,NaN
SWAP,"52672342146047648, 55961830184059192, 55962826219659608, 55964230522450096, 55964362808064656, 55966032263918424, 55967007090885072, 55968823820088776, 55980029642497240, 55980811285670552, 55980991676427344, 55981145668528432, 55982392812348832, 55982537910721912, 55982859907257472, 55983692106625144, 55984862367122184, 55985076828651896, 55985414366392984, 55985727831859640, 55986929304762976, 55989308806205176, 55989647633961952, 55991440473403440, 55992673462978072, 55993077243762576, 55993144761163888, 55993516258425752, 55993972280960616, 55994294944343296, 55994303918856136, 55994570006880448, 55996470186087040, 55996501517578040, 55996512347620768, 55997073855367704, 55997359170092240, 55997449657360872, 55997963067021952, 55997970499662136, 55998570150904072"
VAST,NaN
VWL,"55965173430559440, 55966071288142872, 55967367332445936, 55967824787130296, 55981509095937696"
WAKEUP,"52663708325427536, 55960315592558896, 55960516552648384, 55961266002041320, 55961282368605408, 55961751727740888, 55961861987270888, 55962369676109144, 55962445805362312, 55962829533407104, 55962864038641992, 55963274824948592, 55964040217333656, 55964176824318768, 55964321303372120, 55964796340911064, 55964878829228552, 55965165702140192, 55965299897698696, 55965406447169048, 55965606473812568, 55965778219307464, 55965889108260688, 55966044327073344, 55967260685895296, 55967510026169760, 55967538278589112, 55968436600099848, 55968985525436480, 55969836472936936, 55969856058564304, 55979825829431680, 55980220895177192, 55980473838193688, 55980620927360720, 55981432314992272, 55981572022111336, 55981868698975328, 55982106077021864, 55982146722596744, 55982313475816848, 55982370767228008, 55982466694773128, 55982584110177144, 55982636939063848, 55983005357517928, 55983502603768752, 55983678480648880, 55984057583298344, 55984672570684944, 55984785357795896, 55985146710105080, 55985197719669648, 55985486684574360, 55985983513277776, 55986027005131784, 55986203998016200, 55986391032033328, 55986776775358320, 55986780921644656, 55988034748951160, 55988119300861960, 55988159391348336, 55988497104920952, 55989118232095336, 55989341146786080, 55989449295922304, 55989703110586976, 55989739870709624, 55989852584618720, 55990083028119272, 55990139116865344, 55990921625965960, 55991095122302792, 55991167847477960, 55992018584768576, 55992269470341344, 55992957377351200, 55993025116015584, 55993156413055192, 55993285936153352, 55993471159518584, 55993670604342040, 55993717347924136, 55994179928878832, 55994183629791416, 55994284740723888, 55994346662189136, 55994543145117312, 55994554769114424, 55994565454731864, 55994571696583208, 55995337643068728, 55996494001617392, 55996566286282768, 55996612665185456, 55996655865946736, 55996696603131888, 55996717236547760, 55996809411402776, 55996934160364656, 55996995563415152, 55997006971083728, 55997058913237032, 55997542186625264, 55997659245892760, 55997690166848112, 55997729980557904, 55997793394411056, 55997852470827296, 55998218566054496, 55998224734064480, 55998234628873984, 55998464314792528, 55998550059208352, 55998658345697408, 55998729574177736, 55998745388986240"

AOZM,NaN 
APIG,"52657119477364344, 52658459388230368, 52659070652558480, 52659983424432440, 52661885332259760, 52663722371375784, 52665089257739096, 52666098396340136, 52669530162408848, 52669720564384560, 52671042272217672, 52671159745615920, 52671972212324384, 52672004774028864, 52672754483029368, 52674638452757904, 52675061537769664, 52676859636965760, 55979636811066448, 55979824046672128, 55981767768131192, 55981881157395144, 55982178281399808, 55983675471440848, 55983843678260616, 55985318299078256, 55985821934637360, 55987422429232080, 55988075164962600, 55990051788550296, 55991547671432016, 55992801868091544, 55994375320539984, 55994706771511824, 55997275795944704, 55997823568374920, 55998249031639152"
ASTV,NaN
AWDS,NaN
B2W,"49340998912448152, 52656963014123744, 52657005607075112, 52657134891802560, 52657553987914360, 52657568912272760, 52657604209152152, 52658230741827328, 52658581103036304, 52659304656722128, 52659310169726736, 52659389784646368, 52659450768369328, 52659524252483320, 52659780268452408, 52659825637259072, 52660013255649088, 52660021073144008, 52660032444472376, 52660105181364480, 52660163919179632, 52660199330845376, 52660534055149072, 52660979124658976, 52661104954285432, 52661858806758376, 52661960036840592, 52662114000055816, 52662364141090864, 52662455356246448, 52662495077413496, 52662605311683752, 52662654574317192, 52663074413545904, 52663227381396744, 52663293773815064, 52663580700323176, 52663604333350400, 52663620044675192, 52663702827111136, 52664229516491144, 52664725136518312, 52664864971329744, 52664955525800360, 52665156966431776, 52665534760944856, 52666032651174056, 52666287172079416, 52666545127507624, 52666585083299440, 52666602501813440, 52666656857354240, 52667133131339296, 52667146277727520, 52667194595484080, 52667492203578432, 52667861126909344, 52667953869713176, 52668059081818544, 52668416630602016, 52668470465893936, 52668508522266936, 52668564722208712, 52668795130181888, 52669103618219960, 52669355480967080, 52669534615431592, 52669572974025552, 52669784500016160, 52669827606149616, 52670023489468056, 52670159125999016, 52670230181904800, 52670400664916800, 52670459590648944, 52670506197466072, 52671258088954248, 52671547813691168, 52671621983443336, 52671625293746080, 52671703107363744, 52671755376322576, 52671859719584768, 52671994857802736, 52672144126645224, 52672349907059200, 52672360972611168, 52672637531388872, 52672696323924928, 52674466990040304, 52674495017628096, 52674570577411008, 52674756679125360, 52674862045607088, 52675151773344480, 52675163612191256, 52675310735734240, 52675556832121128, 52675638260625224, 52675757698626272, 52675855233814440, 52676167051079128, 52676229591080352, 52676256932928384, 52676294157040136, 52676367527346208, 52676536483499816, 55978988253642456, 55979549632666544, 55980449975749632, 55980556213929896, 55981199850048304, 55981291839206576, 55981510505085792, 55981597412894360, 55982274863948592, 55982414925596584, 55983041599520200, 55983187673661072, 55983245811512784, 55983370003477480, 55983443380281072, 55983579559753784, 55983855202781960, 55983968950461504, 55984323247361192, 55984706619944376, 55984799881111216, 55985379395104720, 55985990754640080, 55986208430496904, 55986464865390008, 55986857892953336, 55986985412931208, 55987235516628304, 55987378739001896, 55987459457462720, 55987481341812224, 55987560039153104, 55988050338057608, 55988229605915168, 55989572254837192, 55989594091010376, 55990390421809056, 55990566031651560, 55990954014962192, 55991187810046728, 55991343624124432, 55991902383421832, 55992432384947424, 55992492496065784, 55992772802224960, 55992984976676920, 55993169275133256, 55993243154880328, 55993638209601136, 55993706822970216, 55993726469239624, 55993816792534776, 55993833409264608, 55993889296026264, 55994057100299880, 55994146886323808, 55994190432318360, 55994199691358792, 55994248580859232, 55994563072981368, 55994978016617376, 55995839622899800, 55996364133597384, 55996380271387744, 55996457143994880, 55996579627981352, 55996580665493600, 55996841333219888, 55997354418064792, 55997409508764728, 55997853158277008, 55998321378877176, 55998617593457656"
BCENG,"52668325980789832, 55990331224707648"
BCVA,NaN
CBC,NaN
CLBS,52676084507647648
CLT,"55993781346853016, 55994737502513736"
CNDG,NaN
CRBT_CNT,"52657612687498312, 52659066544461520, 52660387252856328, 52663979445275544, 52665226631470144, 52666145506405432, 52669108330424288, 52669229385873944, 52670062371940208, 52671634180826536, 52671793104827544, 52672049699702856, 52673295089637528, 52674621578571560, 52675095123231368, 52676517655229576, 55979875011332776, 55980267911901792, 55984293441387688, 55985063509345776, 55987549909406656, 55988225395216560, 55989586681880864, 55990644397555256, 55992432688843512, 55992506473415984, 55994023574380272, 55996787892310960"
CRBT_SRV,"55980869052689992, 55983147466748920, 55994025325481760"
DAST,52660139481718776
DUPAK,NaN
EVVI,NaN
FLS,NaN
FUCF,NaN
GAML,NaN
GFCS,NaN
GTNB,NaN
HOCO,NaN
HSUB,52667423626922024
HWPFS,"55988559602048200, 55993660915538712"
IMSTK,"52658979805155816, 52659032983430392, 52664217697038144, 52669595808250584, 52672805848403024, 55992832850953096"
INDA,NaN
JSCC,NaN
KITM,NaN
KSPA,"52659533506422440, 52674683613639696"
LEARN,NaN
LGZM,NaN
LOT,NaN
MHUNG,NaN
MIS,NaN
MNS,NaN
MPLEXTV,NaN
MQSM,"52657555484548592, 52658828655047400, 52660569650409640, 52661295071174136, 52661474253945584, 52661949445412896, 52663612511589048, 52663936752425000, 52664092654089112, 52664723016702344, 52665078829228896, 52667371087850264, 52667473145952448, 52668157683076192, 52670266929735784, 52671161700951680, 52672349076899656, 52672873400952912, 52675211815595560, 52675993531900104, 52676257953308920, 55979760105846008, 55981279858174872, 55983218701616824, 55983623948330272, 55989091996742080, 55989564547069632, 55991010110154568, 55991200476535080, 55993327735735920, 55993504611340432, 55993811407760144, 55995068199224600, 55997084462071072, 55997965982213488, 55998110845793800"
MSC,NaN
MSZZ,NaN
MZIP,"52666280123266696, 52676190364604104, 55982976601915464"
OTC,NaN
OYIM,NaN
PASA,NaN
PLPL,NaN
PLZQ,NaN
PLZS,NaN
PREDG,NaN
SIQU,NaN
SRTU,NaN
STAR,"52659188378477712, 52659979766989096, 52661598393754832, 52662845073084360, 52669025047105664, 52675738994798600, 55983222645384032, 55983464041726928, 55988334978056848, 55989751986956880, 55993599049056864"
STFR,55990603333945712
STKD,NaN
STKG,NaN
STTK,"52657039708981304, 52659499278889328, 52659935793884440, 52660812356606344, 52660818173969456, 52661104705351800, 52663794011827976, 52664314990739816, 52668554157596848, 52669798748730848, 52669979497270120, 52672132438215424, 52672389332598800, 52672396560740960, 52672493541804560, 52672986414730592, 52674676388978392, 52675197656369464, 52675329527617536, 52676145665865408, 55986236616339976, 55988011931976544, 55989373811281856, 55990430909034424, 55993525404741408, 55993624522740280, 55993866159416848, 55993996356611744, 55994343221060272, 55994535752840712, 55994629415709896, 55997011635544248, 55997629782353816"
STYO,NaN
SUWS,NaN
SWAP,NaN
VAST,NaN
VWL,NaN
WAKEUP,"52658856243457880, 52668939443004040, 52672396458204368, 55987554176588784, 55996422788667608"

AOZM,NaN 
APIG,NaN
ASTV,55994574233047072
AWDS,NaN
B2W,"55964103056375616, 55966795480102584, 55969707577359712, 55985080330521344, 55985111560560552, 55987494822606632, 55987965839420136, 55988383441248904, 55989131836961032, 55989736787556960, 55993081923357952, 55996678070891952, 55997845932022664, 55998771545439440"
BCENG,NaN
BCVA,NaN
CBC,NaN
CLBS,NaN
CLT,"55961964418738728, 55964813763015696, 55965390656478984, 55965767045643528, 55979425097611536, 55980377595802560, 55981393742271264, 55981418371868448, 55983281320890224, 55983508083718008, 55983725599872064, 55984227674335896, 55985063169702160, 55985378315085016, 55987079298696776, 55989322090404544, 55989478041527048, 55989697496620152, 55990080224211352, 55992433588741584, 55992657273677672, 55993054661579536, 55996832932157584, 55997901290616176"
CNDG,NaN
CRBT_CNT,"55962563252924072, 55962820617556392, 55963293014984720, 55979605070560888, 55980608480266944, 55980806408420416, 55981570231732632, 55983566133651560, 55984838488335664, 55985852768690904, 55985972919422672, 55987886546262256, 55989758703835752, 55990761131663216, 55991333676210944, 55994051529603112, 55996287017358216, 55996536352827024, 55996817479549560, 55997110095098464"
CRBT_SRV,"55960485213581104, 55968245465446208, 55981003146820288, 55981345569524144"
DAST,55960314608832472
DUPAK,NaN
EVVI,"55960314907249256, 55960624301674960, 55960793036775120, 55961695394107200, 55961717454947648, 55961878161991512, 55961929589824240, 55961961137948184, 55962212396690368, 55962292077512736, 55962508241557352, 55962733957948648, 55962915488848856, 55963028755020216, 55963419065887304, 55963908675934880, 55964161001910312, 55964226239136680, 55964643119492272, 55965330254547856, 55966086407284608, 55966238908062792, 55966320588234016, 55966670086691312, 55966742106958488, 55966811722554488, 55967318193239048, 55967371809250640, 55967558685859920, 55967618736775248, 55968210775535256, 55968211504177024, 55968349945610016, 55968707445851112, 55968739073326088, 55968851060697840, 55968941459418200, 55969505452084384, 55969615034644496, 55969710405058584, 55969765238736968, 55969918507959488, 55969971369174776, 55969981159061032, 55970039692574992, 55970184119271520, 55970344901624680, 55978942247414320, 55979690686108600, 55980284977848224, 55980475630175592, 55980972133934304, 55981177414174192, 55981547272017528, 55981698471468776, 55981828572914616, 55981879464580112, 55981984995582608, 55982463419568592, 55982813854091408, 55982972199836560, 55983525903218776, 55984084705713248, 55984491769525712, 55984683866233544, 55984765392964584, 55984839040769632, 55985030526386968, 55985416291932344, 55985660413522216, 55985679018830248, 55986565011592184, 55987073622339792, 55987201630150488, 55987869249354616, 55987966566245368, 55987970105400504, 55988045281237944, 55988090221034176, 55988330677046504, 55988385146712064, 55988444011841456, 55988445929474584, 55988500019047488, 55988619239552664, 55988757501872856, 55989443039460640, 55989450758124280, 55989700551706800, 55989908041113040, 55990000952535944, 55990215889292616, 55990252156925472, 55990324497052000, 55991046188297008, 55991188628130880, 55991382646630400, 55991511805518240, 55991595360031992, 55992372826767976, 55992497996740032, 55993278445067952, 55993389584024040, 55993811386121000, 55993876882405304, 55993982016035104, 55993985912326544, 55994124833612104, 55994145877351736, 55994326522220264, 55994376309692360, 55994407684695376, 55994409737141528, 55994471522262832, 55994596512461176, 55994661619470320, 55994712868457160, 55995868739900320, 55996229715835456, 55996275142431320, 55996315145696688, 55996362616366800, 55996512612629248, 55996632410530224, 55996669813023424, 55996728827189432, 55996840994509128, 55996873923322672, 55997400429204216, 55997429502082280, 55997449145847920, 55997484335360208, 55997502105179664, 55997518861808504, 55997754170075184, 55998229399023192, 55998256865576472, 55998442426050104, 55998511588830216, 55998781528469168"
FLS,NaN
FUCF,NaN
GAML,"55965211042550288, 55966277861062736"
GFCS,NaN
GTNB,NaN
HOCO,"55961362232375208, 55966150959293232, 55970262782543264, 55990957704409480, 55993984669990032"
HSUB,"55960314230160768, 55961226948269256, 55961869348952864, 55962101526754536, 55962526609868784, 55962878741832368, 55963252239522896, 55963348300512904, 55963374043082632, 55963718373490568, 55964039410635832, 55964149288003104, 55965232781058944, 55965613568338296, 55966115032053752, 55966937613779632, 55967544519979704, 55968914042538712, 55978928428555760, 55978962195376816, 55979060385013040, 55979390063923016, 55980611316925280, 55980762213040104, 55980776107702176, 55981414301474912, 55982465073539944, 55982470952495088, 55983989517616920, 55984133449425952, 55984712134210856, 55984745209394952, 55986274548174168, 55986460657877224, 55986668502873040, 55987825344456584, 55988095754395360, 55988104660755816, 55988125078185712, 55988203473872192, 55988753318934352, 55988760223771248, 55989559997802408, 55990060497848088, 55990216673490888, 55990221350403392, 55990345896522168, 55990555977780456, 55990789257130176, 55991457226171856, 55991530827293272, 55991785625246856, 55992162813159912, 55992333408666864, 55992954114257240, 55993050231476000, 55993506789914656, 55993650631582360, 55993682201568280, 55993786357829728, 55994042187029312, 55994093299351632, 55994805284074504, 55994811615651624, 55996547433285240, 55996574950310584, 55996665927912040, 55996672813236936, 55996722989494288, 55996776715995728, 55996869675572128, 55997011527222296, 55997374430100120, 55997508970358776, 55997950323723672, 55997962293295768, 55998485189259728, 55998535160409592"
HWPFS,"55963925197251360, 55965071150882784, 55984112773297696, 55990779693761376, 55991063719522632, 55993354996487240, 55997416456906696"
IMSTK,"55962693408990976, 55965223446994392"
INDA,NaN
JSCC,NaN
KITM,"55961541450217144, 55966686019087920, 55969604802643728, 55989223418678744, 55989735946406568"
KSPA,"55961564619678928, 55962043003272472, 55962372211965320, 55962729778888640, 55966493486415552, 55966522033328448, 55967062217969768, 55967415656982640, 55967483096077416, 55967719038387712, 55968186161129232, 55968367478298208, 55968514098254728, 55969682691994904, 55969762711780808, 55970102356909504, 55970362820874352, 55979651603893480, 55980031122594224, 55980660959275008, 55980735043805440, 55981109445436912, 55981298275166920, 55981748870768688, 55981763481969800, 55982239180226392, 55983112149181968, 55983365908675320, 55985078823267600, 55985269795988912, 55986142666104104, 55986196904819136, 55986668122808952, 55987875807131288, 55987929776899504, 55988382964930352, 55988682843271672, 55989119228973320, 55989558964979000, 55989750226866544, 55989821862146832, 55990039783442952, 55990438753420424, 55990541926861152, 55990780417407392, 55991772649555584, 55991806463713664, 55991901497774160, 55992462329269320, 55994618565835240, 55994694357006016, 55995768050930920, 55995873169112416, 55995901622402216, 55996082489290696, 55996368969168184, 55996412640764304, 55997072192285344, 55997086805562336, 55997211057516072, 55997412926831952, 55997519407463136, 55997664141174088, 55997716521006056, 55997820566941856, 55998227476715888, 55998810363448528"
LEARN,NaN
LGZM,NaN
LOT,NaN
MHUNG,"55965624956516872, 55967556593207296, 55968220012533840, 55969592957240872, 55980865094608728, 55981183292419664, 55982082969553784, 55982547319450080, 55986839436333584, 55990096688527272, 55990892808398128, 55992565094477328, 55993452931484552, 55997269748167664, 55998371564390736"
MIS,NaN
MNS,NaN
MPLEXTV,"55960500368724048, 55960944933478920, 55962847001828944, 55963167577580824, 55963461684771432, 55979467698825072, 55981688456267144, 55982589480350216, 55988041564448752, 55989561314572512, 55993172157967312, 55993799134350656, 55996530869762424, 55996799873845784, 55997316429774680"
MQSM,"55968673806553328, 55969850880156032, 55979527912125200, 55981613980579408, 55981671634550984, 55986018324288128, 55986315290829624, 55988050584486128, 55994036358924408, 55997870328379472"
MSC,NaN
MSZZ,"55964156149555888, 55965208140276824, 55969096358502288, 55979069251917792, 55988588200049272, 55990648682216224, 55993242499587712, 55996534020897320, 55996742034913840"
MZIP,55981973644690432
OTC,NaN
OYIM,NaN
PASA,NaN
PLPL,NaN
PLZQ,55997311464953400
PLZS,"55968344145670816, 55997732713964656"
PREDG,NaN
SIQU,NaN
SRTU,NaN
STAR,NaN
STFR,NaN
STKD,"55962784403896752, 55965270444547624, 55965618079293384, 55979048596715880, 55986101281611288, 55988474561813280, 55988617471785760, 55989148075601104, 55990814693426256, 55991527991701472, 55992677837595312, 55993089024726784, 55993975163980080, 55994033051808888, 55994629094401920, 55995939883254352, 55997109170514400, 55997896921615816, 55998180064948296, 55998538631619712"
STKG,NaN
STTK,NaN
STYO,NaN
SUWS,NaN
SWAP,55996860497868216
VAST,NaN
VWL,"55960648897362832, 55983049719395480, 55985973283475816, 55988391562984408, 55992495682170816, 55998616443134680"
WAKEUP,"55960446196292752, 55960664001338632, 55961431242324688, 55962322053822368, 55962523022133160, 55962641155789536, 55962760212437104, 55962936060360608, 55963030195210352, 55963087423379328, 55963720872349720, 55964724024504472, 55965239175831128, 55965401316346096, 55965513528213608, 55965632385192552, 55966109733531512, 55966202470594296, 55966311113601080, 55966450563530224, 55966455862902072, 55968851347124648, 55968935115662376, 55969172681952312, 55978924919771224, 55979045005111576, 55979346334800480, 55979388410676864, 55979421557626328, 55979730962990080, 55979782936227704, 55979797156823992, 55980254083461176, 55980495291183600, 55981002617304280, 55981240139741904, 55981563941223760, 55981700087374520, 55982260742789752, 55983004417574808, 55983118894790792, 55983196236270704, 55983289965827000, 55983960445579520, 55984230342248984, 55984253887179424, 55984657171614360, 55984666876733784, 55984921904147368, 55985547569262064, 55986099411956888, 55986686638603320, 55986754813681176, 55987129231974000, 55987541464261096, 55988205560936928, 55988233223374912, 55989166848443984, 55989337006153760, 55989758036220192, 55989916329699464, 55989944334108968, 55990268699680872, 55990472935304176, 55991138273080048, 55991231911019624, 55991261815933376, 55991287983532840, 55991802539392192, 55992277982817824, 55992590176106840, 55992676976359352, 55992736827671056, 55993003981150240, 55993042876120480, 55993209964526256, 55993508505226464, 55993653292167096, 55993678334320832, 55993685575923056, 55993806903770552, 55993889213698568, 55993955362376936, 55994112268950264, 55994181826615152, 55994694752794368, 55995857951185120, 55996293378494736, 55996419218487088, 55996915346373488, 55997116027506080, 55997153170782744, 55997326557449400, 55997500885501040, 55997507131158600, 55997573362495320, 55997755383364256, 55997954768772824, 55997979846865768, 55997986230422208, 55998450316875304"

AOZM,NaN 
APIG,"55965157879490368, 55979593516246360, 55987063462771552"
ASTV,NaN
AWDS,NaN
B2W,"55960470724962224, 55961101832975168, 55961332731781456, 55962664412388536, 55962991211721072, 55964087941284000, 55964758591063512, 55965782940774776, 55965909815758992, 55966098109450528, 55966316673827480, 55966644159205504, 55967477554766840, 55968950225362752, 55979032235540000, 55979443743008960, 55979745507230280, 55980037066626256, 55981698706514256, 55982040577125808, 55982065523821272, 55983548764615648, 55984752271106488, 55985538642946376, 55985836535136176, 55987268251444016, 55988049234254328, 55988142519535520, 55989268156343544, 55989655857525168, 55989704834549304, 55990653985979464, 55990886572611040, 55992217194445768, 55992411874071888, 55993698709049640, 55995409031993712, 55996708503222616, 55997486541504888, 55997526701653136, 55997821096312840, 55997836692211008, 55998130873669992"
BCENG,NaN
BCVA,NaN
CBC,NaN
CLBS,"52668539269759048, 55989414896081792, 55992783255843792, 55996082985179864, 55996460172799392, 55998730542280608"
CLT,"55960744841703080, 55960928954052432, 55961540465304920, 55961646073644840, 55962925961654256, 55963252473858720, 55967559201863072, 55968686050224248, 55968889697911848, 55969270838618232, 55979309371968672, 55979854178862376, 55979937075602824, 55980167104891368, 55981884594048032, 55982097425153440, 55982140841743320, 55983251612945832, 55985273897918528, 55985339985616560, 55985596866011840, 55986126095686384, 55986504632688736, 55986746420024960, 55987172261345936, 55987508620254712, 55987841444651968, 55987912601438952, 55988293172590184, 55988551140369016, 55989116624211600, 55989789262264352, 55990554885339120, 55991252475376416, 55991851336539640, 55992749756497080, 55993464556365944, 55993466764796480, 55993678380684680, 55993689241831920, 55994086345621640, 55994137685287104, 55994362062818960, 55994602509021048, 55994691903134952, 55994965192568224, 55995898194885520, 55996082212046600, 55996096028350944, 55996255950138856, 55996371190996392, 55996543836677792, 55996625509058104, 55996743319100192, 55996786919258264, 55996911965565640, 55997291051061016, 55997496812104960, 55997783288186520, 55997929740233568, 55997952202245120, 55997960358453344, 55998059322688480, 55998244549732528"
CNDG,NaN
CRBT_CNT,"55964509092719808, 55965194406612152, 55981461496536056, 55994199603190552, 55997108935571896"
CRBT_SRV,"55968705741496152, 55978931100252888, 55980747183995920, 55982218576179736, 55984373721367416, 55988020302260088, 55997858550234472"
DAST,NaN
DUPAK,NaN
EVVI,"55961689559126984, 55963900468844288, 55965323681439744, 55966312195683808, 55967399517589824, 55967718217430280, 55982477519067208, 55982667989330744, 55982833262331960, 55983256818430928, 55984720865393992, 55986042476435432, 55986113417014128, 55986201281240168, 55990019651414280, 55993609647348952, 55993827687143728, 55994562826040952, 55996659259532344, 55996991412257416"
FLS,NaN
FUCF,NaN
GAML,NaN
GFCS,NaN
GTNB,NaN
HOCO,NaN
HSUB,"55962436891253848, 55962613205832728, 55962975665491488, 55963167799408240, 55963201122010864, 55963247643125440, 55963358870884392, 55965797372038248, 55966977078641296, 55967533065129320, 55968538242561592, 55968759132063528, 55968986720104272, 55969114745414504, 55970408386536344, 55979507387315120, 55979731755023400, 55980190007581456, 55980792814123744, 55981101891574632, 55981116634835496, 55981120066903256, 55983265080728504, 55983663466130384, 55983801285173960, 55988082923521072, 55988585352765880, 55989115357763552, 55990478078379000, 55990994011335456, 55992440713549920, 55992614464032160, 55993712542216568, 55996062371165752, 55996943265561208, 55997316189044704, 55997989264070512, 55998562246477696"
HWPFS,"55984960738591088, 55992665584788800, 55993486147108328"
IMSTK,"55969655238154136, 55986277824811344, 55990686566546312"
INDA,NaN
JSCC,NaN
KITM,NaN
KSPA,"55962893810066888, 55965347983793416, 55965846317188888, 55969070744625808, 55969969539568352, 55970202860032672, 55970221318579120, 55979792854544784, 55983312881612088, 55984769457851680, 55986078911390760, 55987533753444424, 55989205383036200, 55990040583791864, 55993830164186544, 55997887123060512, 55997971834831496"
LEARN,NaN
LGZM,NaN
LOT,NaN
MHUNG,"55960975781141488, 55960993337855952, 55962501032948840, 55962711700890936, 55963128606352048, 55963629343002344, 55981600197355680, 55984001340659056, 55988020986802760, 55988112937721472, 55990223309521856, 55992442885424584, 55992770558591984, 55993811639265472, 55994163240076832, 55997371357257120, 55997559430232664"
MIS,"55965826508817592, 55966293281248072, 55979782986990136, 55980424885764744, 55983663737064240, 55984764863041448, 55984854638166768, 55985142615770800, 55986467780051504, 55986618793798672, 55990269225813824, 55992484582801840, 55993508390529128, 55993568503230728, 55993606256722696, 55993889535684920, 55994994604013744, 55997611809785104"
MNS,NaN
MPLEXTV,NaN
MQSM,"55981628639562880, 55982318682923168, 55985943497288976, 55989332019706592"
MSC,NaN
MSZZ,NaN
MZIP,"55961327092749016, 55979810575638712, 55979831504319944, 55980450889131096, 55984431949197912, 55991915778920576, 55993785398823768, 55994799963354448, 55996402157670784"
OTC,NaN
OYIM,"55979789254804368, 55984582118275944, 55990657054990704"
PASA,NaN
PLPL,NaN
PLZQ,"55967587217834464, 55987554643134976, 55998309644880016, 55998556005512896"
PLZS,"55990349294811920, 55990478197245000"
PREDG,NaN
SIQU,NaN
SRTU,NaN
STAR,NaN
STFR,NaN
STKD,"55982475952168984, 55994541410304824, 55994666874331416, 55998147877426000"
STKG,NaN
STTK,NaN
STYO,NaN
SUWS,NaN
SWAP,NaN
VAST,55985825236521752
VWL,"55969170268416888, 55992674336099384"
WAKEUP,"52658488769641528, 52663004339024328, 55960549911494176, 55960640391540704, 55961133736539808, 55961765461294928, 55961972929011096, 55962272721868240, 55962579239124704, 55962944511586912, 55962989173770680, 55963057769046856, 55964068172461208, 55964336280784632, 55964732996500680, 55964822623736600, 55965642245444800, 55966030796131368, 55966092183615432, 55966162652385432, 55966428974561776, 55966882748346176, 55967352105896440, 55967822172719376, 55968121094508992, 55968291018086192, 55968389801629360, 55969734490498944, 55979070318803224, 55980155973267120, 55980593400660528, 55980912267064328, 55981709992399088, 55981787671203560, 55982368349445992, 55982573481524600, 55982585228886696, 55983704899547904, 55983737842119144, 55983824545245992, 55984338996350040, 55984438518781576, 55984518076246536, 55984679499407880, 55984685486659032, 55984759618204616, 55984761607273184, 55985060234222536, 55985934005299768, 55986133225475744, 55986184141587688, 55986594402624296, 55986847465502176, 55987063923368144, 55987107511717592, 55987439206587920, 55987448804158056, 55988006404729936, 55988072504626088, 55988159344883008, 55988294525241680, 55990047738498672, 55990270979171672, 55990537487335656, 55990555084858752, 55990885431787696, 55991569937249880, 55991603171858752, 55992401866598000, 55993454313183960, 55993511811656080, 55993654112674976, 55993821827523728, 55994417844855608, 55994696886994688, 55994744849136320, 55996122252768256, 55996586072048152, 55996654469379592, 55997141812062712, 55997373066356888, 55998411898166536, 55998469295631376, 55998639822549232"

AOZM,NaN 5
APIG,NaN
ASTV,NaN
AWDS,55993731952978160
B2W,"55962921179328568, 55966274346177968, 55980938440556112, 55981446872221704, 55985707253479216, 55990005934224216, 55991525963479616, 55992021069444008, 55997045804360136, 55997336197125112, 55998467832551112"
BCENG,NaN
BCVA,NaN
CBC,NaN
CLBS,NaN
CLT,"52676044326871224, 55979358143204688, 55989307146269464, 55994031789082672, 55996956810526760, 55997277769868928, 55997364862614992"
CNDG,NaN
CRBT_CNT,"52658415338277472, 52663061668210344, 52664331948064576, 52664992393522480, 52666840999878848, 52676878572982648, 55960298813746320, 55962648369614616, 55963179804475728, 55964362912731920, 55966034409989400, 55967579915962264, 55969004017958264, 55969034689814240, 55970144427268032, 55978883996591568, 55979301527989096, 55979502419584448, 55979645345964816, 55979849679463128, 55980205450316968, 55980978438953432, 55980983403365560, 55981314103473944, 55983235254940736, 55983626196376816, 55983707056044992, 55984014408517160, 55984119924812656, 55984560916307344, 55985013087813432, 55985144668941480, 55985366639111760, 55985512314151976, 55986806940009104, 55986832463275976, 55986865348616032, 55986927680104536, 55987124838061032, 55987527561578192, 55989134334408776, 55990080772519952, 55990262559753888, 55990323315553248, 55990767211062856, 55990851774070424, 55991207297637648, 55991418695370488, 55991610250279880, 55992132401349856, 55992832082621048, 55992952244768240, 55992968720455784, 55993061877529840, 55996138126295912, 55996420805919872, 55996627102432304, 55997073389986488, 55997177781275600, 55997185476451992, 55997634824004888, 55998146658884000, 55998357805694088"
CRBT_SRV,"55978980940522264, 55989058698554888"
DAST,NaN
DUPAK,NaN
EVVI,NaN
FLS,"55966343660454136, 55981801825441040, 55981889380891648, 55990740828279680, 55993949355081080"
FUCF,NaN
GAML,55989399609866656
GFCS,NaN
GTNB,NaN
HOCO,"52672875824279360, 52676167538286528, 55962325497838304, 55967832253588536, 55969047255634264, 55987439685387344, 55994397580965128, 55994994463487232, 55997549149815208"
HSUB,"52660520500985584, 55993955959257168, 55994264571355632, 55996709128991144"
HWPFS,NaN
IMSTK,"55965556624577344, 55980868805172480, 55991317252141864, 55996847313048984, 55997342349167040"
INDA,NaN
JSCC,NaN
KITM,NaN
KSPA,"55963733570685536, 55979520950470232"
LEARN,NaN
LGZM,"52658180899602840, 55981357515589720"
LOT,NaN
MHUNG,"55989101694130240, 55996648575267320"
MIS,NaN
MNS,NaN
MPLEXTV,NaN
MQSM,"52667761900336056, 52672118319095816, 55960307372955960, 55960587016590416, 55960715102171440, 55960722403883200, 55960807921250656, 55961286605152632, 55961643577560048, 55961739293411952, 55961818831775936, 55961823332006872, 55961849284560448, 55961870814713712, 55962102032396752, 55962563111143840, 55962745876221584, 55962808475825144, 55962977532787624, 55963350732033808, 55963434467592544, 55963806214318952, 55964234530810456, 55964465698366408, 55964763295498880, 55964956758747096, 55965339911761144, 55965344848081800, 55965379951525264, 55965596162101752, 55965715106546368, 55965802220700016, 55965942057883848, 55966036435226272, 55966253705548312, 55966354885171960, 55968688157767368, 55969597441459528, 55970041331979144, 55970206357179160, 55980169161082704, 55980602437108072, 55980845996590520, 55980962322924944, 55981103017106184, 55981393793107696, 55981493115352352, 55981698367883312, 55981851870678352, 55981997615618392, 55982021328620656, 55982534568650720, 55982864319951408, 55982881713476416, 55982887580845056, 55982939503094880, 55983458914270280, 55983640209159744, 55983823024391144, 55983883025569488, 55984082361376272, 55984158655316152, 55984188536825424, 55984259663876424, 55984274206955288, 55984414106624432, 55984570739092544, 55984688062975768, 55984793671538256, 55984953508012896, 55985147842819440, 55985533532745656, 55985813028155592, 55985858454331928, 55985923779316608, 55986017259090392, 55986166403640848, 55986336737575016, 55986427488569616, 55986602051339144, 55986676444059856, 55986722841321200, 55987137585089336, 55987198474879896, 55987418799864904, 55987475715616096, 55987605335310936, 55988113803738624, 55988214277368880, 55988488687349688, 55988623848248440, 55989060437400408, 55989311369586120, 55989433558441688, 55989469345148536, 55989783320131976, 55989938981212752, 55989992366084800, 55990011683800856, 55990147156345096, 55990560124866416, 55990623631504512, 55990657441810792, 55990776201800424, 55990936305339912, 55991021023736368, 55991212621633888, 55991595452618664, 55991650967112344, 55991689085215536, 55992198805782440, 55992569691319160, 55992858336526944, 55993201581879184, 55993235871379240, 55993384181572576, 55993619429086064, 55993628011837488, 55993814215022768, 55993825199418528, 55994005410296400, 55994062305474616, 55994090219362768, 55994195365535248, 55994240968371608, 55994258100766832, 55994402288210456, 55994539742207184, 55994547915735328, 55994556732509536, 55994565633343760, 55994622808096704, 55994661018901456, 55994661058894128, 55994699493078712, 55994718012688320, 55994804002176512, 55995708118028016, 55995824872583832, 55996268632456120, 55996359748035184, 55996493110385192, 55996571857310432, 55996638988908712, 55996797520174472, 55996826392716296, 55996961012150688, 55997062999987048, 55997111521701176, 55997123568629080, 55997168204104808, 55997191454591496, 55997232515786312, 55997384533246920, 55997403608023840, 55997473478499992, 55997505123570144, 55997577048728504, 55997627199594960, 55997654822235808, 55997694480305160, 55997796470398808, 55998255009360464, 55998277823295456, 55998390262990472, 55998418658836832, 55998449771823856, 55998473668835344, 55998607801584856"
MSC,NaN
MSZZ,"55965081039728504, 55981793145379896, 55982644378046328, 55986174216422136, 55991961928848112"
MZIP,"52658200368598784, 55962367413333368, 55962571842158328, 55965840835073944, 55980387010683768, 55982110915708024, 55997826852896760"
OTC,"55990629092459384, 55993949606035232, 55994214586917848, 55994222599658584, 55994312122033248, 55997116567000672"
OYIM,"52657742671182408, 52658246071307048, 52658344850325304, 52658445838912088, 52660605532713920, 52660701380302296, 52664269263595288, 52665281616138008, 52668539776920936, 52676032635896184, 52676046608519952, 52676116331077808, 55960344157014992, 55960492251015256, 55960719336301368, 55960799367068144, 55962241961552768, 55962348496433512, 55962418530103184, 55962488732487792, 55962522794045424, 55962595270074504, 55962920415000416, 55962978574214600, 55963151261185584, 55963161175506304, 55963172301574496, 55963555382860040, 55963974170961576, 55964227862542856, 55964372016421280, 55965063674098280, 55965653135161104, 55965838590191168, 55966035736230800, 55966037017617448, 55966193767863928, 55966261510024144, 55966324531230928, 55966339102596328, 55967372194337560, 55968537624580696, 55969500419546280, 55969566227526520, 55969667992881416, 55969677065094016, 55970062893556392, 55970176842689152, 55970261971123432, 55979312493709120, 55979401089896512, 55979550672528336, 55979590707917816, 55979928132719264, 55980074376249624, 55980161782476072, 55980370968851016, 55980372947843656, 55980375726263920, 55980530648706376, 55980596663867296, 55980663627508160, 55980707917107352, 55980803222947376, 55980962483053240, 55981100804276920, 55981199460764504, 55981199533892080, 55981448253526848, 55981525169231024, 55981597905753648, 55982161080043840, 55982364024616048, 55982395846326520, 55982464680067272, 55982698426340728, 55982778033123160, 55982945803678032, 55983248738425336, 55983508187073216, 55983614615322792, 55983668408656360, 55983701086648112, 55983834682822200, 55983993691980248, 55984282580654384, 55984297236893464, 55984429340762400, 55984582348993576, 55984736051150488, 55984745160761808, 55984841266066936, 55984858377047192, 55984967398689880, 55985012242320720, 55985117625032336, 55985393138164960, 55985539110145128, 55985558026523944, 55985793378859192, 55985995218927976, 55986215321576176, 55986268520858032, 55986381314598888, 55986405404165176, 55986475576726704, 55986598702917224, 55986610195466800, 55986814260752712, 55986821360692712, 55986867649813120, 55986876556047312, 55986934848614600, 55987481251119144, 55987541540594008, 55987690311984600, 55987816171499168, 55987864752616536, 55988020098217664, 55988086423537720, 55988146776713448, 55988256305196008, 55988336080510472, 55988402367022776, 55988495151361208, 55988541366484472, 55988582450649112, 55988584148024744, 55988591864907776, 55989122974940336, 55989155134206144, 55989240683178128, 55989257933287832, 55989303466874152, 55989411086109608, 55989477700504440, 55989752848342952, 55990011468393400, 55990086084574152, 55990307537139440, 55990534561214040, 55990536272149384, 55990598023890528, 55990601976063296, 55990860453890576, 55990887872175696, 55990920870145632, 55990945458712576, 55990972697641784, 55991005446512864, 55991264654087192, 55991500879791712, 55991691646635264, 55991714620803824, 55991753774204128, 55991853122663560, 55992135880259472, 55992401101595400, 55992541403119984, 55992763169979064, 55992796069046528, 55992876281767512, 55993055450297016, 55993225349059696, 55993265261534216, 55993571896147240, 55993607300815864, 55993646967829528, 55993751124261888, 55993752550060336, 55993781960271784, 55993864904992032, 55993901846387024, 55993905471775624, 55993919968449408, 55993992585047248, 55994016937884592, 55994074777905712, 55994279856478840, 55994342141685864, 55994577918661680, 55994592454610608, 55994702246356720, 55995870357897824, 55995908649730760, 55995952180781200, 55996079349047312, 55996234926860760, 55996242852144520, 55996411292078048, 55996440615787096, 55996499789877448, 55996687851859360, 55996740768552720, 55996753731540640, 55996789248820728, 55996830489940792, 55996970638294768, 55997015859063664, 55997034453310400, 55997070270582736, 55997089569954800, 55997090860049216, 55997393312415648, 55997484672314472, 55997494955149064, 55997557773664784, 55997576661690176, 55997692090213808, 55997701150039104, 55997772610540232, 55997804573775568, 55997891223325360, 55998005203205528, 55998005912566528, 55998085848391464, 55998152384256328, 55998328619049032, 55998329827709328, 55998473628748224, 55998547860885816, 55998587115638304, 55998779578959296"
PASA,"52660778780389408, 52668268043218152, 55962818511755712, 55964345608357840, 55966070257132512, 55969818240482384, 55980097570407080, 55981553456926960, 55983618922712392, 55985110120214200, 55987095322511080, 55991665955432816, 55991877717237312, 55995296437868616, 55995806698962336, 55995810648351304, 55996553022637888"
PLPL,NaN
PLZQ,NaN
PLZS,NaN
PREDG,NaN
SIQU,NaN
SRTU,NaN
STAR,"55980962850534520, 55982463689120944, 55986834404955800, 55990417397591816, 55993934844797288, 55994638846883600"
STFR,NaN
STKD,NaN
STKG,NaN
STTK,NaN
STYO,NaN
SUWS,"52657105738722912, 52658336932445544, 52660043667758496, 52661934256518800, 52662158123415696, 52668743405874376, 55962329548479136, 55962670261663792, 55964470303235120, 55965640547821688, 55969273194732240, 55978935549080600, 55978938505055712, 55981144968631248, 55981242243424784, 55981540567457536, 55981754306994112, 55982048377761784, 55983153693944112, 55983471409360496, 55983654316918448, 55985743864500064, 55986079166312248, 55986181562263760, 55986353252628592, 55986606568050352, 55987165528522800, 55987296608277656, 55987303441492904, 55988162536398440, 55989922297471680, 55991253043122280, 55992016315941000, 55993488326754704, 55993915886645728, 55996266564702680, 55997151804353384, 55997418388377800, 55997495402084848, 55997521252357400, 55997929477401392, 55997935811196680"
SWAP,NaN
VAST,NaN
VWL,NaN
WAKEUP,"52657625377521672, 52665466781178400, 52665524390128176, 55960433285664480, 55960588189416416, 55962354971978048, 55962432355699864, 55962597100975840, 55962640851481968, 55962805996107288, 55965892927489440, 55970032370512824, 55980203728961752, 55980498945959904, 55980679018441936, 55980842987691088, 55981152715252608, 55982167775452016, 55982439280186224, 55983148121300040, 55983725984441680, 55984591959041976, 55985145842192360, 55986846111582936, 55987172933959368, 55988306813251864, 55988636620301688, 55989931126279960, 55989988281290344, 55990144863955616, 55990406814063544, 55991023678889688, 55991361264554864, 55991364892103936, 55991409875433472, 55991517690152784, 55992073943946728, 55992317813340584, 55992461286884128, 55992590264447536, 55993024401356232, 55993277825653984, 55993499054455256, 55993545266904264, 55994256667722016, 55996240539480800, 55997036280769512, 55997103773741368, 55997237432116104, 55997242701965352, 55997248274469656, 55997467920812328, 55997741450857008, 55998110378714504, 55998498252923136, 55998550396005168"